id,status,ip,latitude,longitude,send_date,reported,modified_date,email,first_name,last_name,position
w4YSW3H,Submitted Data,,0,0,16/09/2025 16:22:39,true,16/09/2025 16:24:00,dominiqueguyot@example.net,Aurélie,Léger,Développeur
pFqJX86,Email Sent,,0,0,16/09/2025 20:41:39,false,16/09/2025 20:42:47,raymonddeschamps@example.net,Margot,Lecoq,Analyste cybersécurité
rCecikz,Submitted Data,,0,0,14/09/2025 17:27:39,true,14/09/2025 17:29:58,afaivre@example.org,Hugues,Samson,Administrateur système
LSya4vm,Opened,,0,0,06/09/2025 20:49:39,false,06/09/2025 20:50:41,bernierpauline@example.com,Alix,Bourdon,Analyste cybersécurité
dpDETQE,Submitted Data,192.168.166.19,0,0,11/09/2025 04:41:39,true,11/09/2025 04:44:28,verdiervirginie@example.org,Émilie,Adam,Développeur
CPvhCzq,Opened,192.168.213.49,0,0,14/09/2025 10:40:39,false,14/09/2025 10:42:32,lebrunthierry@example.com,Virginie,Poirier,Développeur
qOt0a3a,Email Sent,192.168.24.102,0,0,14/09/2025 04:16:39,false,14/09/2025 04:20:46,pgros@example.com,Nath,Henry,Consultant
BkDvXrZ,Email Sent,,0,0,03/09/2025 12:30:39,true,03/09/2025 12:34:49,ididier@example.net,Théodore,Gallet,Consultant
j9FmWHJ,Email Sent,,0,0,07/09/2025 20:44:39,false,07/09/2025 20:48:30,lecontealphonse@example.com,Zacharie,Chevallier,Analyste cybersécurité
gJ6Z4Pw,Submitted Data,192.168.65.37,0,0,15/09/2025 21:05:39,true,15/09/2025 21:10:32,martin76@example.com,Nathalie,Nguyen,Administrateur système
hulVEbu,Clicked Link,10.237.212.97,0,0,06/09/2025 14:49:39,false,06/09/2025 14:52:47,valentinechretien@example.net,Marcelle,Leduc,Développeur
AbtSYwT,Submitted Data,192.168.118.91,0,0,13/09/2025 04:49:39,false,13/09/2025 04:52:29,legendrearnaude@example.net,Gérard,Diaz,Analyste cybersécurité
qwLAifO,Opened,,0,0,07/09/2025 10:38:39,true,07/09/2025 10:42:02,brunelguy@example.net,Éléonore,Gallet,Chef de projet
5FhHiGQ,Opened,,0,0,05/09/2025 21:24:39,false,05/09/2025 21:25:22,dianegilles@example.org,Virginie,Dijoux,Administrateur système
y4cO3SQ,Clicked Link,172.30.140.6,0,0,03/09/2025 20:15:39,true,03/09/2025 20:17:16,bertrandfabre@example.net,Denise,Fleury,Administrateur système
vGj3C9A,Email Sent,,0,0,16/09/2025 14:04:39,true,16/09/2025 14:08:30,wbrunel@example.net,Nath,Lamy,Analyste cybersécurité
lVHhSZ5,Submitted Data,,0,0,12/09/2025 04:48:39,false,12/09/2025 04:52:23,lucgallet@example.com,Théophile,Lemaire,Consultant
3YBPgbg,Clicked Link,172.22.12.220,0,0,16/09/2025 07:14:39,true,16/09/2025 07:16:12,christinelemaire@example.com,Olivie,Lefebvre,Chef de projet
rFjRtcn,Opened,172.24.171.145,0,0,16/09/2025 01:33:39,false,16/09/2025 01:34:52,bouvierisaac@example.org,Sabine,Delattre,Consultant
yrwLkSl,Submitted Data,,0,0,15/09/2025 16:37:39,true,15/09/2025 16:40:27,lucas31@example.org,Claudine,Payet,Développeur
CefbJa1,Opened,192.168.85.120,0,0,15/09/2025 11:55:39,false,15/09/2025 11:58:52,guyonfrederique@example.org,Gérard,Dumont,Analyste cybersécurité
yWfdOR7,Clicked Link,10.231.231.186,0,0,14/09/2025 21:49:39,false,14/09/2025 21:51:02,holivier@example.net,Michelle,Gauthier,Développeur
cYplQvx,Email Sent,,0,0,14/09/2025 03:38:39,true,14/09/2025 03:39:36,victormichaud@example.org,Renée,Allain,Développeur
Yza0fHv,Email Sent,10.228.45.202,0,0,10/09/2025 04:03:39,true,10/09/2025 04:04:34,qmunoz@example.org,Étienne,Vallet,Chef de projet
uSokq34,Email Sent,192.168.172.150,0,0,16/09/2025 03:12:39,true,16/09/2025 03:14:04,antoinedumas@example.net,Christelle,Pottier,Consultant
kDCCoNW,Opened,,0,0,09/09/2025 01:41:39,false,09/09/2025 01:43:00,elise23@example.org,Xavier,Poirier,Administrateur système
ceMkAqj,Email Sent,172.23.236.102,0,0,04/09/2025 23:50:39,true,04/09/2025 23:55:27,ydidier@example.com,Henri,Lecomte,Chef de projet
8mamdi0,Opened,10.146.137.159,0,0,10/09/2025 20:25:39,true,10/09/2025 20:27:20,labbethomas@example.org,Denis,Charpentier,Développeur
ASGkiuN,Submitted Data,10.166.162.190,0,0,09/09/2025 22:24:39,true,09/09/2025 22:27:04,nathalie33@example.net,Patrick,Delorme,Analyste cybersécurité
4vbigdp,Email Sent,,0,0,12/09/2025 06:15:39,false,12/09/2025 06:19:23,aimee72@example.com,Grégoire,Gérard,Analyste cybersécurité
xJ5KaDJ,Submitted Data,172.17.36.213,0,0,09/09/2025 14:40:39,true,09/09/2025 14:44:51,grondingilles@example.com,Océane,Andre,Développeur
pooHqvs,Submitted Data,10.164.65.205,0,0,04/09/2025 20:13:39,true,04/09/2025 20:18:08,zacharie11@example.net,Claude,Faivre,Chef de projet
cpELlCW,Opened,10.100.122.255,0,0,10/09/2025 03:50:39,true,10/09/2025 03:51:19,anoukgaillard@example.com,Marine,Jourdan,Analyste cybersécurité
CpHo6KO,Opened,172.25.73.222,0,0,09/09/2025 06:18:39,false,09/09/2025 06:21:32,marechalmichelle@example.net,Nicolas,Mendès,Analyste cybersécurité
na2gwv2,Clicked Link,192.168.207.31,0,0,10/09/2025 02:21:39,false,10/09/2025 02:26:24,alix45@example.com,Martin,Duhamel,Chef de projet
ji2WAFM,Email Sent,,0,0,09/09/2025 14:31:39,false,09/09/2025 14:35:00,claire15@example.com,Luc,Petitjean,Analyste cybersécurité
I1zUSYp,Clicked Link,10.10.243.64,0,0,16/09/2025 19:45:39,false,16/09/2025 19:47:04,helenegirard@example.com,Sébastien,Fournier,Administrateur système
mTubvFH,Submitted Data,,0,0,08/09/2025 04:58:39,false,08/09/2025 05:03:19,nleroy@example.org,Nathalie,Thomas,Chef de projet
xDcOKFo,Submitted Data,192.168.173.154,0,0,08/09/2025 18:09:39,false,08/09/2025 18:11:56,martindenise@example.net,Matthieu,Roussel,Administrateur système
Z4e6lLr,Clicked Link,192.168.96.53,0,0,10/09/2025 23:52:39,false,10/09/2025 23:53:19,laurentmaillard@example.org,Théophile,Ollivier,Analyste cybersécurité
F8gQ1FI,Clicked Link,192.168.165.201,0,0,06/09/2025 00:58:39,true,06/09/2025 01:00:54,richarddiane@example.org,Gabrielle,Maurice,Chef de projet
dqeBdiq,Opened,10.250.232.193,0,0,12/09/2025 01:41:39,true,12/09/2025 01:42:36,denise39@example.com,Louis,Hamel,Administrateur système
sVMQeYd,Submitted Data,,0,0,09/09/2025 02:52:39,true,09/09/2025 02:57:17,dvoisin@example.org,Andrée,Morel,Administrateur système
KNCMvMO,Clicked Link,10.194.140.48,0,0,13/09/2025 03:00:39,true,13/09/2025 03:02:09,camuslouise@example.org,Aurélie,Mercier,Analyste cybersécurité
lmG52LW,Submitted Data,10.7.73.101,0,0,05/09/2025 16:38:39,false,05/09/2025 16:41:10,morelaurore@example.net,Victor,Humbert,Consultant
K2Zw1lj,Submitted Data,172.27.43.92,0,0,18/09/2025 04:30:39,false,18/09/2025 04:33:20,franckgomez@example.org,Valérie,Cordier,Consultant
F8h3Jc5,Email Sent,172.17.72.140,0,0,18/09/2025 08:04:39,true,18/09/2025 08:08:48,de-sousaanastasie@example.com,Chantal,Giraud,Administrateur système
WSeWENo,Opened,,0,0,04/09/2025 03:01:39,false,04/09/2025 03:04:42,isaacpeltier@example.net,Rémy,Chrétien,Développeur
DmCAO4D,Clicked Link,172.31.35.146,0,0,17/09/2025 02:04:39,false,17/09/2025 02:07:13,victorgomez@example.com,Gilbert,Lagarde,Chef de projet
hbnb1S6,Email Sent,,0,0,04/09/2025 08:19:39,true,04/09/2025 08:21:49,picardstephanie@example.net,Alice,Lopes,Chef de projet
DO20yhn,Email Sent,172.21.241.107,0,0,10/09/2025 01:23:39,true,10/09/2025 01:24:44,joubertlorraine@example.com,Margaud,Ollivier,Consultant
MSTGkJV,Email Sent,,0,0,04/09/2025 08:06:39,false,04/09/2025 08:09:53,idijoux@example.net,Luce,Rousset,Administrateur système
ae6a44J,Email Sent,192.168.42.166,0,0,04/09/2025 02:58:39,false,04/09/2025 03:02:17,ivallet@example.com,Louise,Chauvin,Chef de projet
xZH053u,Submitted Data,172.27.183.197,0,0,14/09/2025 20:26:39,false,14/09/2025 20:30:05,valentine14@example.com,Timothée,Roux,Chef de projet
Kzvy6FL,Submitted Data,192.168.77.129,0,0,12/09/2025 07:24:39,true,12/09/2025 07:26:27,alexandriepascal@example.org,Agathe,Chauvet,Développeur
NQDFxu8,Clicked Link,192.168.27.97,0,0,11/09/2025 10:24:39,false,11/09/2025 10:25:57,jerome68@example.com,Lucas,Jean,Analyste cybersécurité
gsp4PY8,Opened,172.26.21.11,0,0,12/09/2025 21:31:39,false,12/09/2025 21:32:57,delattremarc@example.org,Dominique,Humbert,Consultant
tQkHNa4,Email Sent,192.168.3.103,0,0,09/09/2025 11:12:39,true,09/09/2025 11:16:17,dtanguy@example.net,Inès,Fabre,Chef de projet
Ir0ovbZ,Clicked Link,172.16.192.20,0,0,12/09/2025 08:13:39,false,12/09/2025 08:14:31,gerard24@example.net,Élodie,Couturier,Chef de projet
mGd9LIy,Submitted Data,192.168.143.136,0,0,04/09/2025 03:01:39,true,04/09/2025 03:03:43,ygiraud@example.net,Robert,Masse,Analyste cybersécurité
BNVab7k,Clicked Link,172.27.49.217,0,0,15/09/2025 20:49:39,true,15/09/2025 20:52:36,talves@example.org,Raymond,Pons,Consultant
TCFbaII,Clicked Link,172.20.155.10,0,0,03/09/2025 05:10:39,false,03/09/2025 05:13:07,edithgonzalez@example.org,Geneviève,Becker,Chef de projet
sRk7I0O,Clicked Link,,0,0,03/09/2025 01:54:39,true,03/09/2025 01:57:58,zpascal@example.com,Susan,Chevallier,Analyste cybersécurité
Gj3yRyW,Clicked Link,172.29.160.65,0,0,12/09/2025 09:33:39,true,12/09/2025 09:37:14,oceane49@example.com,Constance,Carlier,Analyste cybersécurité
kfqxEVi,Submitted Data,,0,0,13/09/2025 17:31:39,false,13/09/2025 17:33:54,marinerenaud@example.net,Danielle,Grondin,Consultant
fjzmEeX,Email Sent,192.168.7.99,0,0,02/09/2025 21:52:39,true,02/09/2025 21:55:20,pleclerc@example.net,Alexandre,Da Costa,Chef de projet
RzvXNto,Opened,192.168.112.150,0,0,08/09/2025 10:58:39,true,08/09/2025 10:59:26,pasquiervictoire@example.org,Adèle,Dupuis,Consultant
bnl1OxL,Clicked Link,,0,0,05/09/2025 16:59:39,false,05/09/2025 17:02:27,gilletanne@example.com,Antoine,Lefebvre,Développeur
182bz3A,Clicked Link,,0,0,07/09/2025 10:33:39,true,07/09/2025 10:37:33,moniquevaillant@example.net,Anne,Berger,Analyste cybersécurité
csFVwOQ,Email Sent,172.21.250.189,0,0,09/09/2025 00:54:39,false,09/09/2025 00:57:49,omartel@example.org,Colette,Pinto,Administrateur système
pXdHGX0,Opened,172.17.150.118,0,0,16/09/2025 06:52:39,true,16/09/2025 06:53:45,roland85@example.org,Daniel,Rolland,Analyste cybersécurité
q6ZRLbG,Email Sent,192.168.72.160,0,0,11/09/2025 17:18:39,false,11/09/2025 17:19:39,marcmathieu@example.com,Édith,Girard,Consultant
JVywZLD,Opened,,0,0,16/09/2025 20:32:39,true,16/09/2025 20:36:12,vhenry@example.net,Anne,Da Silva,Consultant
d6pPXDW,Submitted Data,10.226.68.9,0,0,18/09/2025 13:09:39,false,18/09/2025 13:11:11,cpages@example.net,Léon,Jacques,Développeur
D7L8Ikp,Email Sent,172.26.121.255,0,0,14/09/2025 05:22:39,false,14/09/2025 05:25:13,ericcarlier@example.org,Odette,Gauthier,Développeur
VUyuHGh,Opened,172.22.95.88,0,0,06/09/2025 05:27:39,false,06/09/2025 05:30:16,iberthelot@example.net,Juliette,Coulon,Analyste cybersécurité
d5k5Lxj,Email Sent,10.77.166.152,0,0,06/09/2025 00:53:39,true,06/09/2025 00:55:17,bertrandloiseau@example.net,Susanne,Potier,Analyste cybersécurité
xe5LtPJ,Opened,10.252.237.234,0,0,07/09/2025 00:17:39,true,07/09/2025 00:21:18,raymond91@example.net,Gabrielle,Benoit,Administrateur système
sKJkUxs,Opened,172.28.212.124,0,0,09/09/2025 13:08:39,true,09/09/2025 13:09:21,remymargaret@example.org,Benoît,Marion,Chef de projet
r8pcsYL,Submitted Data,172.21.65.45,0,0,06/09/2025 02:31:39,true,06/09/2025 02:34:41,fredericdufour@example.org,Frédéric,Pottier,Chef de projet
oB8EJfv,Submitted Data,10.147.95.248,0,0,05/09/2025 20:59:39,true,05/09/2025 21:03:28,laurentnoemi@example.net,Alix,Masse,Analyste cybersécurité
yu1H4po,Opened,10.81.213.108,0,0,06/09/2025 22:11:39,true,06/09/2025 22:15:27,gandre@example.org,Inès,Dias,Analyste cybersécurité
y57BluN,Submitted Data,10.128.2.0,0,0,11/09/2025 16:40:39,true,11/09/2025 16:44:58,allaintristan@example.net,Isabelle,Lecomte,Consultant
jI8EzU5,Clicked Link,172.29.114.189,0,0,16/09/2025 13:26:39,true,16/09/2025 13:27:33,devauxdenise@example.org,Amélie,Cordier,Consultant
HTr8EQT,Clicked Link,172.28.124.13,0,0,07/09/2025 06:15:39,true,07/09/2025 06:19:40,jseguin@example.org,Valentine,Benard,Chef de projet
cWgZ6gp,Submitted Data,,0,0,05/09/2025 19:22:39,true,05/09/2025 19:26:37,qrocher@example.net,David,Ramos,Chef de projet
nlRuHuz,Email Sent,172.31.28.116,0,0,06/09/2025 17:41:39,false,06/09/2025 17:43:44,colasalexandria@example.com,Christophe,Maillard,Analyste cybersécurité
hrqXPoY,Clicked Link,,0,0,03/09/2025 01:01:39,true,03/09/2025 01:02:12,constanceribeiro@example.org,Jean,Jacquet,Chef de projet
XLXsQJ8,Email Sent,192.168.117.59,0,0,17/09/2025 21:37:39,true,17/09/2025 21:39:11,margueriterossi@example.org,Andrée,Goncalves,Analyste cybersécurité
pDaVfSN,Opened,192.168.89.58,0,0,03/09/2025 02:12:39,true,03/09/2025 02:15:08,dianeboyer@example.com,Grégoire,Perret,Analyste cybersécurité
gOQ6TV2,Clicked Link,10.107.90.89,0,0,12/09/2025 14:30:39,false,12/09/2025 14:31:43,gerardmarcel@example.org,Benjamin,Benard,Consultant
HCoU9gr,Clicked Link,192.168.177.20,0,0,13/09/2025 14:06:39,true,13/09/2025 14:07:24,lainejulien@example.org,Gabrielle,Girard,Consultant
pDjJC6y,Email Sent,192.168.175.9,0,0,17/09/2025 19:05:39,false,17/09/2025 19:09:03,philippe13@example.org,Marcelle,Huet,Consultant
53TEBib,Email Sent,172.18.31.67,0,0,08/09/2025 00:51:39,true,08/09/2025 00:55:56,patricia36@example.com,Gilbert,Durand,Développeur
AelIRZB,Clicked Link,172.27.139.191,0,0,11/09/2025 17:43:39,false,11/09/2025 17:46:34,emmanuel49@example.net,Gilbert,Collet,Chef de projet
IbjaqMs,Clicked Link,172.19.253.231,0,0,13/09/2025 05:10:39,false,13/09/2025 05:14:43,thomaslaine@example.com,Dorothée,Paul,Analyste cybersécurité
Ig9PD8t,Submitted Data,10.163.48.202,0,0,11/09/2025 05:05:39,false,11/09/2025 05:07:05,chauvinvictoire@example.org,Victor,Gillet,Administrateur système
QFkeh11,Email Sent,10.152.130.214,0,0,05/09/2025 02:10:39,true,05/09/2025 02:13:15,pintovirginie@example.org,Dorothée,Martineau,Développeur
TQTkSE8,Email Sent,,0,0,13/09/2025 22:58:39,false,13/09/2025 23:02:27,barrezacharie@example.org,Arnaude,Pelletier,Développeur
j80rFC8,Submitted Data,192.168.14.190,0,0,13/09/2025 11:33:39,true,13/09/2025 11:36:16,maheantoine@example.net,Jules,Joseph,Chef de projet
KfsChIg,Email Sent,172.17.245.248,0,0,15/09/2025 18:49:39,true,15/09/2025 18:52:45,margot54@example.com,Lucy,Blanchard,Développeur
tJFe0o6,Clicked Link,192.168.84.112,0,0,10/09/2025 12:13:39,false,10/09/2025 12:16:06,dianecaron@example.org,Joseph,Didier,Consultant
ObwdKDN,Email Sent,192.168.248.120,0,0,09/09/2025 23:23:39,false,09/09/2025 23:27:43,moreauamelie@example.net,Stéphane,Daniel,Consultant
vYUHzaJ,Clicked Link,,0,0,10/09/2025 10:38:39,false,10/09/2025 10:41:43,jacquelinecollet@example.com,Emmanuelle,Garnier,Chef de projet
EuBgDjY,Email Sent,172.18.153.37,0,0,03/09/2025 08:50:39,false,03/09/2025 08:53:30,noemibarbe@example.org,Valentine,Neveu,Consultant
r1gKAA5,Clicked Link,,0,0,13/09/2025 20:45:39,true,13/09/2025 20:47:31,wriviere@example.net,Alix,Vaillant,Chef de projet
nZndBfX,Opened,172.29.32.219,0,0,16/09/2025 23:00:39,true,16/09/2025 23:03:23,danieltanguy@example.org,Corinne,Leconte,Consultant
Ja7PgAT,Clicked Link,,0,0,07/09/2025 03:33:39,false,07/09/2025 03:35:23,schmittmarthe@example.com,Léon,Bailly,Développeur
yp8i60k,Email Sent,10.85.213.199,0,0,11/09/2025 18:25:39,false,11/09/2025 18:27:01,bretonjean@example.com,Franck,Samson,Développeur
21Q7NxI,Clicked Link,10.179.111.36,0,0,14/09/2025 07:06:39,false,14/09/2025 07:11:06,adelaunay@example.net,Bertrand,Gimenez,Consultant
WfulYRb,Submitted Data,172.23.138.198,0,0,18/09/2025 02:37:39,true,18/09/2025 02:39:40,valentine73@example.com,Isabelle,Meyer,Développeur
VB34f7B,Submitted Data,192.168.240.216,0,0,11/09/2025 15:40:39,false,11/09/2025 15:43:57,arthurgerard@example.com,Diane,Léger,Développeur
xcRcv6i,Clicked Link,192.168.167.200,0,0,11/09/2025 13:43:39,false,11/09/2025 13:46:22,mgosselin@example.net,Isaac,Clément,Administrateur système
3bRV2QC,Submitted Data,,0,0,12/09/2025 18:56:39,false,12/09/2025 19:00:54,costegeorges@example.net,Éléonore,Peron,Administrateur système
H06187A,Clicked Link,192.168.160.203,0,0,12/09/2025 04:58:39,true,12/09/2025 05:01:08,vincent35@example.org,Clémence,Fernandez,Développeur
VNqMDri,Submitted Data,172.27.244.203,0,0,09/09/2025 06:25:39,true,09/09/2025 06:26:48,vmichel@example.net,Manon,Da Silva,Consultant
AQfTZRZ,Submitted Data,172.21.34.53,0,0,12/09/2025 03:27:39,true,12/09/2025 03:30:38,gallettherese@example.org,Anastasie,Blanc,Analyste cybersécurité
d6L7T7A,Email Sent,10.233.28.27,0,0,05/09/2025 08:28:39,false,05/09/2025 08:33:30,allainjacqueline@example.net,Frédérique,Clément,Développeur
os0XCr1,Submitted Data,172.27.38.55,0,0,18/09/2025 03:58:39,false,18/09/2025 04:01:20,franck15@example.com,Anouk,Diaz,Consultant
M7nzWOF,Submitted Data,192.168.135.123,0,0,03/09/2025 19:35:39,false,03/09/2025 19:38:41,jean35@example.org,Marie,Simon,Analyste cybersécurité
U4lax2G,Submitted Data,,0,0,03/09/2025 19:02:39,true,03/09/2025 19:06:34,emilierousset@example.com,Christine,Moulin,Analyste cybersécurité
QPlHlc1,Submitted Data,10.207.18.172,0,0,07/09/2025 11:29:39,false,07/09/2025 11:33:45,clucas@example.net,Diane,Jacob,Développeur
KnHi3Fp,Opened,172.22.174.120,0,0,03/09/2025 23:14:39,true,03/09/2025 23:16:58,uriou@example.com,Sophie,Henry,Administrateur système
08HF0Ur,Clicked Link,,0,0,06/09/2025 11:10:39,false,06/09/2025 11:15:30,eleonorejacob@example.net,Valérie,Delahaye,Analyste cybersécurité
4TGu6ga,Submitted Data,,0,0,11/09/2025 20:19:39,false,11/09/2025 20:20:31,therese79@example.com,Célina,Jacquot,Développeur
6Lb33kI,Email Sent,10.75.154.135,0,0,02/09/2025 23:52:39,true,02/09/2025 23:55:14,lopezsophie@example.com,Audrey,Nguyen,Analyste cybersécurité
E00ebTN,Opened,172.19.149.56,0,0,17/09/2025 12:03:39,true,17/09/2025 12:04:09,benjamindeschamps@example.net,Sophie,Martinez,Administrateur système
WP9lrJu,Submitted Data,,0,0,16/09/2025 10:11:39,true,16/09/2025 10:15:48,guillaume39@example.net,Dorothée,Giraud,Développeur
EbIcYLF,Opened,192.168.216.186,0,0,04/09/2025 17:31:39,true,04/09/2025 17:34:26,zoe14@example.com,Michelle,Grégoire,Consultant
WDTTYDp,Submitted Data,,0,0,07/09/2025 01:49:39,true,07/09/2025 01:51:10,vandre@example.org,Lucy,Paul,Développeur
ABVo5q2,Submitted Data,,0,0,09/09/2025 00:43:39,true,09/09/2025 00:46:16,alex85@example.com,Patrick,Duval,Analyste cybersécurité
25WW6Tn,Email Sent,10.113.227.204,0,0,17/09/2025 04:26:39,false,17/09/2025 04:27:36,roger00@example.com,Simone,Dubois,Administrateur système
fPIH7z5,Email Sent,172.24.30.94,0,0,15/09/2025 16:47:39,true,15/09/2025 16:50:45,martineauvalerie@example.net,Laurence,Tessier,Consultant
xNKg08m,Clicked Link,,0,0,05/09/2025 09:38:39,false,05/09/2025 09:43:12,nathalieguillou@example.org,Alexandria,Moreno,Administrateur système
MFTWNVl,Opened,10.136.63.29,0,0,03/09/2025 12:06:39,true,03/09/2025 12:07:40,pereiralucy@example.com,Capucine,Louis,Administrateur système
v4Si5T2,Opened,10.19.234.96,0,0,06/09/2025 13:19:39,false,06/09/2025 13:22:12,arthur78@example.org,Pénélope,Bertrand,Développeur
zIinnRD,Clicked Link,192.168.251.154,0,0,05/09/2025 13:04:39,true,05/09/2025 13:06:15,pasquierfrancoise@example.org,Benjamin,Lévêque,Analyste cybersécurité
9pzsGHC,Submitted Data,10.105.192.0,0,0,04/09/2025 15:16:39,true,04/09/2025 15:20:08,hleconte@example.org,Clémence,Bernier,Chef de projet
IOOoeMG,Submitted Data,172.21.98.48,0,0,11/09/2025 02:55:39,true,11/09/2025 02:59:45,martinclaire@example.org,Sophie,Fernandez,Consultant
rfrayrQ,Email Sent,192.168.185.120,0,0,02/09/2025 22:58:39,false,02/09/2025 22:59:59,tmeunier@example.org,Stéphanie,Lacroix,Analyste cybersécurité
iHO2yse,Opened,172.21.98.37,0,0,10/09/2025 16:10:39,false,10/09/2025 16:12:10,clemence06@example.org,Lorraine,Leleu,Administrateur système
NQFs5Iu,Submitted Data,172.30.164.81,0,0,07/09/2025 21:03:39,false,07/09/2025 21:07:14,humbertlaetitia@example.org,Jacques,Fernandes,Analyste cybersécurité
gCJkY09,Opened,,0,0,03/09/2025 16:32:39,true,03/09/2025 16:35:59,reycelina@example.net,Benjamin,Monnier,Administrateur système
UWhPSsT,Clicked Link,,0,0,15/09/2025 03:42:39,false,15/09/2025 03:47:34,gpelletier@example.net,Marcelle,Lefort,Analyste cybersécurité
ES74LQV,Clicked Link,10.99.137.110,0,0,06/09/2025 00:33:39,true,06/09/2025 00:35:46,honore46@example.com,Margaret,Michaud,Développeur
0N1kPLq,Opened,,0,0,10/09/2025 03:41:39,true,10/09/2025 03:42:25,theophile69@example.net,Pauline,Parent,Analyste cybersécurité
Y3qD2Sy,Email Sent,192.168.254.187,0,0,02/09/2025 20:15:39,true,02/09/2025 20:17:49,anne13@example.org,Marine,Ferreira,Chef de projet
IHezRBZ,Submitted Data,10.167.15.183,0,0,17/09/2025 22:38:39,true,17/09/2025 22:42:23,eric27@example.net,Augustin,Delaunay,Chef de projet
DJVXGAn,Submitted Data,172.27.115.115,0,0,11/09/2025 18:46:39,false,11/09/2025 18:48:21,sylvie38@example.org,Claude,Fournier,Administrateur système
wg1CBOO,Email Sent,,0,0,12/09/2025 07:41:39,false,12/09/2025 07:43:54,de-sousaemmanuel@example.org,Édouard,Cousin,Chef de projet
TOCgOE9,Email Sent,,0,0,17/09/2025 18:32:39,true,17/09/2025 18:37:15,guilletandree@example.org,Stéphane,Briand,Développeur
GdKPTbE,Clicked Link,,0,0,15/09/2025 01:59:39,true,15/09/2025 02:02:26,ruizrene@example.com,Joseph,Masse,Analyste cybersécurité
Tbbjy5N,Opened,10.53.167.168,0,0,13/09/2025 15:40:39,true,13/09/2025 15:41:41,luce10@example.org,Mathilde,Robin,Développeur
vyBv42j,Clicked Link,172.17.109.74,0,0,08/09/2025 08:59:39,false,08/09/2025 09:02:03,qroussel@example.net,Christelle,Meyer,Chef de projet
S6l1tt7,Email Sent,172.20.9.105,0,0,05/09/2025 23:30:39,true,05/09/2025 23:34:32,elisabeth41@example.net,Charlotte,Gomes,Consultant
QVh3ssR,Submitted Data,172.30.147.39,0,0,16/09/2025 08:13:39,false,16/09/2025 08:18:34,frederique85@example.org,Adrien,Nicolas,Administrateur système
yBTVnFY,Clicked Link,172.16.46.137,0,0,04/09/2025 03:01:39,true,04/09/2025 03:02:36,bonnetalex@example.net,Juliette,Camus,Analyste cybersécurité
F1MAsxz,Submitted Data,,0,0,11/09/2025 02:22:39,true,11/09/2025 02:24:04,fcouturier@example.com,Lucas,Ramos,Analyste cybersécurité
a0SpBrs,Email Sent,,0,0,11/09/2025 05:27:39,true,11/09/2025 05:30:27,loiseauvirginie@example.net,Henri,Boulay,Développeur
HzJSw7P,Submitted Data,192.168.238.74,0,0,17/09/2025 08:30:39,false,17/09/2025 08:33:40,adrienmallet@example.org,Vincent,Renault,Développeur
qHFN59B,Clicked Link,172.18.131.174,0,0,06/09/2025 21:57:39,true,06/09/2025 22:01:42,timotheeblanchard@example.org,Éric,Merle,Administrateur système
aP3JzXA,Submitted Data,,0,0,17/09/2025 06:56:39,true,17/09/2025 06:57:24,theodore26@example.com,Patricia,Masson,Chef de projet
ILZKUqM,Submitted Data,192.168.197.35,0,0,15/09/2025 10:32:39,true,15/09/2025 10:36:12,michelleweber@example.net,Alice,Boucher,Développeur
g95f9Os,Submitted Data,,0,0,06/09/2025 11:24:39,true,06/09/2025 11:29:38,hfaure@example.com,Lucie,Klein,Analyste cybersécurité
bLyyZCE,Email Sent,10.96.255.61,0,0,10/09/2025 11:49:39,false,10/09/2025 11:51:26,pintovirginie@example.com,Aurore,Allain,Chef de projet
0rQv7t5,Email Sent,10.161.203.210,0,0,14/09/2025 18:51:39,true,14/09/2025 18:52:49,jpoulain@example.net,Édith,Perez,Chef de projet
bMIMSOW,Email Sent,,0,0,14/09/2025 00:23:39,false,14/09/2025 00:25:32,blanchardstephane@example.org,Matthieu,Fontaine,Consultant
2Ek7MmZ,Submitted Data,,0,0,04/09/2025 01:05:39,true,04/09/2025 01:06:20,therese67@example.net,Charlotte,Giraud,Analyste cybersécurité
pNq3gI2,Opened,10.214.213.49,0,0,17/09/2025 11:01:39,true,17/09/2025 11:05:22,christellegrondin@example.com,Véronique,Grenier,Chef de projet
K3iNXzu,Opened,10.155.91.48,0,0,03/09/2025 03:53:39,false,03/09/2025 03:57:58,didierhortense@example.net,Théophile,Jacquot,Développeur
AlUnjQs,Email Sent,172.18.186.201,0,0,05/09/2025 01:53:39,true,05/09/2025 01:57:01,chantal56@example.org,Émilie,Samson,Consultant
9IHykYP,Email Sent,,0,0,10/09/2025 13:44:39,false,10/09/2025 13:45:55,bgodard@example.org,Jean,Cohen,Consultant
VR7TEWo,Submitted Data,,0,0,08/09/2025 16:37:39,true,08/09/2025 16:41:59,alixnoel@example.org,Célina,Richard,Consultant
OY6N2KX,Clicked Link,,0,0,18/09/2025 10:20:39,true,18/09/2025 10:24:54,blabbe@example.com,Henriette,Pierre,Administrateur système
hQRM6ge,Submitted Data,172.29.61.68,0,0,17/09/2025 22:06:39,false,17/09/2025 22:07:10,mjourdan@example.net,Anouk,Peltier,Consultant
2lD5Vyx,Email Sent,172.20.156.82,0,0,13/09/2025 10:29:39,true,13/09/2025 10:32:54,robert03@example.net,Charles,Benoit,Chef de projet
QYOGLDx,Submitted Data,172.26.36.82,0,0,14/09/2025 20:52:39,false,14/09/2025 20:53:47,elodiepires@example.net,Simone,Humbert,Chef de projet
T40oFg5,Opened,10.173.239.18,0,0,16/09/2025 20:38:39,false,16/09/2025 20:41:23,laportebertrand@example.net,Rémy,Gomez,Analyste cybersécurité
NLC5er3,Email Sent,,0,0,12/09/2025 03:23:39,false,12/09/2025 03:27:33,adrien31@example.org,François,Brunet,Chef de projet
4wGgQfB,Submitted Data,172.26.149.86,0,0,09/09/2025 06:01:39,false,09/09/2025 06:02:11,pierretherese@example.org,Jules,Laine,Analyste cybersécurité
LpspCqQ,Submitted Data,10.46.199.80,0,0,16/09/2025 11:43:39,false,16/09/2025 11:46:33,lopesalex@example.org,Véronique,Bertrand,Chef de projet
arqCNKi,Submitted Data,172.21.52.99,0,0,10/09/2025 14:17:39,false,10/09/2025 14:22:23,jteixeira@example.net,Henriette,Moulin,Consultant
arxjZFX,Opened,172.26.215.104,0,0,14/09/2025 10:10:39,true,14/09/2025 10:15:16,gpoulain@example.com,Christiane,Lopez,Analyste cybersécurité
OQ6zLxa,Clicked Link,192.168.58.99,0,0,09/09/2025 07:12:39,true,09/09/2025 07:15:23,sauvagemichel@example.org,Cécile,Verdier,Chef de projet
BazlXzH,Email Sent,10.178.19.210,0,0,17/09/2025 00:05:39,true,17/09/2025 00:07:05,gabriellebenoit@example.org,Arnaude,Mendès,Analyste cybersécurité
o3iDX7w,Email Sent,192.168.210.27,0,0,09/09/2025 15:32:39,false,09/09/2025 15:34:23,udos-santos@example.com,Théodore,Louis,Administrateur système
h8EMwBD,Clicked Link,10.187.82.246,0,0,08/09/2025 01:08:39,false,08/09/2025 01:12:59,odette86@example.com,Marianne,Regnier,Analyste cybersécurité
VDrAmRd,Submitted Data,10.122.41.126,0,0,12/09/2025 06:45:39,true,12/09/2025 06:50:31,xboucher@example.org,Olivie,Robert,Analyste cybersécurité
b539phj,Email Sent,10.141.0.3,0,0,10/09/2025 18:05:39,false,10/09/2025 18:06:17,sperrin@example.org,Hélène,Lefebvre,Consultant
79CgEbN,Opened,,0,0,14/09/2025 12:29:39,false,14/09/2025 12:32:30,tbrun@example.net,Josette,Gomez,Chef de projet
A4mas7W,Opened,192.168.129.176,0,0,11/09/2025 03:33:39,false,11/09/2025 03:38:15,christophe64@example.com,Émile,Guyot,Développeur
ZSK6Yrz,Submitted Data,,0,0,13/09/2025 14:24:39,true,13/09/2025 14:28:22,elodie91@example.com,Laetitia,Vidal,Analyste cybersécurité
NYTpMCg,Email Sent,172.28.154.73,0,0,13/09/2025 08:16:39,false,13/09/2025 08:17:27,juliemary@example.net,Pauline,Meunier,Analyste cybersécurité
aVr8Mag,Clicked Link,10.124.154.188,0,0,12/09/2025 14:44:39,true,12/09/2025 14:48:34,fernandesmarcel@example.com,Dominique,Allard,Consultant
aEo19A2,Submitted Data,,0,0,17/09/2025 11:22:39,true,17/09/2025 11:27:26,gcolas@example.net,Laetitia,Hamon,Développeur
ULwxbzG,Opened,172.17.193.114,0,0,12/09/2025 17:49:39,false,12/09/2025 17:52:18,jeannine46@example.net,Jeanne,Bouvet,Consultant
fusvm2M,Opened,,0,0,15/09/2025 16:24:39,false,15/09/2025 16:27:57,nle-goff@example.org,Élisabeth,Charles,Analyste cybersécurité
fcVqII1,Opened,192.168.140.37,0,0,12/09/2025 11:07:39,false,12/09/2025 11:08:44,nperrin@example.com,Nath,Lacombe,Administrateur système
iVT9LuR,Email Sent,172.17.168.16,0,0,06/09/2025 14:48:39,true,06/09/2025 14:52:17,iroche@example.com,Zoé,Munoz,Analyste cybersécurité
7K9RYZt,Submitted Data,10.201.216.70,0,0,12/09/2025 02:09:39,false,12/09/2025 02:10:22,chartierleon@example.org,Jules,Perez,Chef de projet
